geoid,name,smr_no,smr_gld,smr_slv,smr_brz,smr_tot,wtr_no,wtr_gld,wtr_slv,wtr_brz,wtr_tot,tot_no,tot_gld,tot_slv,tot_brz,tot_tot,tot_98,alt_98,gdp_1998,tot_00,alt_00,gdp_2000,tot_02,alt_02,gdp_2002,tot_04,alt_04,gdp_2004,tot_06,alt_06,gdp_2006,tot_08,alt_08,gdp_2008,tot_10,alt_10,gdp_2010,tot_12,alt_12,gdp_2012,tot_14,alt_14,gdp_2014,tot_16,alt_16,gdp_2016
USA,United States,27,1022,795,705,2522,23,105,110,90,305,50,1127,905,795,2827,13,28,32949,91,187,36450,31,60,38166,94,197,41922,25,52,46437,106,210,48401,35,67,48374,103,223,51450,28,53,54599,121,250,57638
GBR,United Kingdom,28,263,295,291,849,23,11,4,16,31,51,274,299,307,880,1,1,28015,28,60,27982,2,4,29786,29,55,39984,1,2,44252,43,87,46768,1,3,38893,NA,NA,41791,NA,NA,46783,NA,NA,40367
DEU,Germany,16,191,194,230,615,12,92,88,60,240,28,283,282,290,855,29,62,27341,55,96,23719,36,76,25205,47,88,34166,29,63,36448,37,74,45699,30,63,41786,44,86,44065,19,41,48043,42,86,42161
FRA,France,28,212,241,263,716,23,36,35,53,124,51,248,276,316,840,8,13,25101,38,78,22466,11,24,24275,29,57,33875,9,17,36545,40,70,45413,11,18,40703,35,68,40838,15,27,42955,42,80,36857
ITA,Italy,27,206,178,193,577,23,40,36,48,124,50,246,214,241,701,10,20,22252,34,68,20051,13,25,22197,31,60,31175,11,21,33411,26,51,40640,5,8,35849,28,53,34814,8,10,35397,28,56,30661
SWE,Sweden,27,145,170,179,494,23,57,46,55,158,50,202,216,234,652,3,5,30144,12,25,29283,7,9,29572,7,17,42442,13,27,46256,5,9,55747,11,23,52076,8,14,57134,15,26,59180,11,21,51845
CHN,China,10,224,167,155,546,11,13,28,21,62,21,237,195,176,608,8,14,829,53,118,959,8,14,1149,56,126,1509,11,19,2099,90,205,3471,11,23,4561,91,198,6338,9,19,7684,70,140,8123
RUS,Russia,6,149,124,153,426,6,47,38,35,120,12,196,162,188,546,18,42,1835,88,178,1772,13,27,2375,90,169,4102,22,44,6920,67,128,11635,15,26,10675,69,128,15435,29,60,14126,55,110,8748
NOR,Norway,25,56,49,47,152,23,132,125,111,368,48,188,174,158,520,25,55,34789,10,21,38147,24,53,43061,5,13,57570,19,31,74115,9,20,97008,23,49,87770,4,9,101668,26,53,97200,4,4,70868
AUS,Australia,26,147,163,187,497,19,5,5,5,15,45,152,168,192,512,1,1,21366,58,115,21691,2,6,20082,44,90,30472,2,4,36118,45,87,49665,3,8,51874,35,66,67635,3,5,62100,29,56,49755
CAN,Canada,26,64,102,136,302,23,73,64,62,199,49,137,166,198,501,14,29,20888,14,23,24124,17,34,24168,11,22,31980,24,48,40387,17,31,46596,26,61,47447,18,27,52497,25,55,50454,22,33,42183
HUN,Hungary,26,175,147,169,491,23,1,2,4,7,49,176,149,173,498,NA,NA,4750,17,39,4633,NA,NA,6666,16,37,10296,NA,NA,11448,10,21,15740,NA,NA,13092,18,38,12888,NA,NA,14201,15,34,12820
JPN,Japan,22,142,135,162,439,21,14,22,22,58,43,156,157,184,497,9,18,31903,18,36,38532,2,3,32289,32,68,37689,1,3,35434,23,46,39339,5,8,44508,38,66,48603,8,14,38096,41,73,38901
FIN,Finland,25,101,85,117,303,23,43,63,61,167,48,144,148,178,470,12,20,25989,4,9,24253,7,17,26834,1,2,37636,9,15,41121,4,7,53401,5,6,46202,3,5,47416,5,10,49915,1,1,43401
NLD,Netherlands,26,85,92,108,285,21,45,44,41,130,47,130,136,149,415,11,25,27534,24,55,25921,8,19,28817,19,35,39955,9,17,44454,14,29,56929,8,17,50338,20,38,49475,24,47,52157,19,42,45638
CHE,Switzerland,28,50,75,67,192,23,55,46,52,153,51,105,121,119,345,7,13,41497,9,17,37868,11,19,41376,5,8,53340,14,28,57580,7,12,72488,9,21,74606,4,10,83538,11,26,86606,7,15,79888
KOR,South Korea,17,90,87,90,267,18,31,25,14,70,35,121,112,104,337,6,13,8085,28,54,11948,4,10,12783,28,56,15908,11,26,20888,30,64,20431,12,27,22087,30,65,24359,8,17,27811,21,42,27539
AUT,Austria,27,18,33,36,87,23,64,81,87,232,50,82,114,123,319,17,28,27362,3,8,24564,17,27,26402,5,12,36822,23,48,40635,3,4,51709,16,30,46858,NA,NA,48568,17,33,51733,1,1,44758
ROU,Romania,21,89,95,122,306,21,0,0,1,1,42,89,95,123,307,NA,NA,1865,26,54,1668,NA,NA,2125,19,40,3553,NA,NA,5829,8,17,10136,NA,NA,8297,9,18,8558,NA,NA,10020,4,7,9523
POL,Poland,21,68,83,133,284,23,7,7,8,22,44,75,90,141,306,NA,NA,4510,14,31,4493,2,3,5197,10,18,6681,2,3,9041,10,22,14001,6,11,12598,11,18,13144,6,15,14340,11,18,12414
CUB,Cuba,20,78,68,79,225,0,0,0,0,0,20,78,68,79,225,NA,NA,2326,29,62,2741,NA,NA,2994,26,51,3391,NA,NA,4669,23,37,5376,NA,NA,5676,15,28,6426,NA,NA,7051,11,23,0
BGR,Bulgaria,20,51,87,80,218,20,1,2,3,6,40,52,89,83,224,1,3,1772,13,29,1609,3,4,2088,12,17,3382,1,2,4513,3,6,7262,NA,NA,6843,3,5,7378,NA,NA,7853,3,4,7469
DNK,Denmark,27,45,74,75,194,14,0,1,0,1,41,45,75,75,195,1,2,33368,6,13,30744,NA,NA,33229,7,11,46512,NA,NA,52027,7,13,64322,NA,NA,58041,9,17,58508,NA,NA,62549,15,25,53579
BEL,Belgium,26,40,53,55,148,21,1,2,3,6,47,41,55,58,154,1,1,25542,5,7,23207,NA,NA,25052,2,2,35590,NA,NA,38852,2,5,48425,NA,NA,44380,3,4,44741,NA,NA,47379,6,12,41271
ESP,Spain,23,45,64,41,150,20,1,0,3,4,43,46,64,44,154,NA,NA,15340,11,20,14677,NA,NA,17020,18,35,24919,NA,NA,28483,18,38,35579,NA,NA,30737,18,36,28564,NA,NA,29623,17,35,26616
UKR,Ukraine,6,35,30,56,121,7,3,1,4,8,13,38,31,60,129,1,2,835,23,39,636,NA,NA,879,22,43,1367,2,2,2303,26,44,3891,NA,NA,2965,20,36,3855,2,4,3105,11,20,2186
BRA,Brazil,22,30,36,62,128,8,0,0,0,0,30,30,36,62,128,NA,NA,5076,12,18,3739,NA,NA,2820,9,19,3623,NA,NA,5860,14,23,8788,NA,NA,11224,17,28,12291,NA,NA,12027,19,39,8650
NZL,New Zealand,23,46,27,44,117,16,0,1,2,3,39,46,28,46,120,NA,NA,14738,3,5,13641,NA,NA,16874,4,10,25420,NA,NA,26671,9,17,31288,NA,NA,33691,13,27,39970,NA,NA,44503,18,35,39412
GRC,Greece,28,33,43,40,116,19,0,0,0,0,47,33,43,40,116,NA,NA,13472,13,27,12043,NA,NA,14110,16,34,21955,NA,NA,24801,4,6,31997,NA,NA,26918,2,2,22243,NA,NA,21761,6,13,17891
KEN,Kenya,14,31,38,33,102,4,0,0,0,0,18,31,38,33,102,NA,NA,473,7,14,404,NA,NA,396,7,13,459,NA,NA,697,14,30,917,NA,NA,967,12,20,1155,NA,NA,1335,13,31,1455
BLR,Belarus,6,12,27,39,78,7,8,5,5,18,13,20,32,44,96,2,2,1512,17,26,1276,1,1,1479,15,25,2378,1,2,3848,19,32,6377,3,6,6029,10,19,6940,6,16,8319,9,15,4989
TUR,Turkey,22,39,24,28,91,17,0,0,0,0,39,39,24,28,91,NA,NA,4497,5,11,4317,NA,NA,3660,10,19,6041,NA,NA,8035,8,14,10851,NA,NA,10672,3,6,11720,NA,NA,12127,8,13,10863
CZE,Czech Republic,6,15,17,24,56,7,9,11,11,31,13,24,28,35,87,3,6,6459,8,15,6012,3,7,8033,7,11,11686,4,8,15184,6,15,22699,6,10,19808,11,22,19730,8,16,19745,10,14,18484
ZAF,South Africa,19,26,31,29,86,7,0,0,0,0,26,26,31,29,86,NA,NA,3105,5,7,2982,NA,NA,2461,6,11,4745,NA,NA,5506,1,2,5695,NA,NA,7275,6,15,7478,NA,NA,6438,10,20,5275
JAM,Jamaica,17,22,35,20,77,8,0,0,0,0,25,22,35,20,77,NA,NA,3339,9,14,3361,NA,NA,3596,5,10,3720,NA,NA,4313,10,24,4903,NA,NA,4683,12,25,5210,NA,NA,4856,11,26,4879
ARG,Argentina,24,21,25,28,74,19,0,0,0,0,43,21,25,28,74,NA,NA,8249,4,6,7669,NA,NA,2579,6,10,4252,NA,NA,5879,6,10,8953,NA,NA,10276,4,7,12970,NA,NA,12245,4,11,12440
KAZ,Kazakhstan,6,15,20,27,62,7,1,3,4,8,13,16,23,31,70,2,2,1469,7,17,1229,NA,NA,1658,8,14,2874,NA,NA,5292,13,21,8514,1,2,9071,10,17,12387,1,1,12807,18,29,7715
MEX,Mexico,23,13,24,32,69,9,0,0,0,0,32,13,24,32,69,NA,NA,5080,6,10,6721,NA,NA,7106,4,7,7199,NA,NA,8768,3,7,9689,NA,NA,8960,8,13,9821,NA,NA,10453,5,8,8209
IRN,Iran,16,19,22,28,69,11,0,0,0,0,27,19,22,28,69,NA,NA,1726,4,10,1657,NA,NA,1892,6,12,2730,NA,NA,3739,1,3,5574,NA,NA,6532,13,29,7833,NA,NA,5541,8,15,5219
ETH,Ethiopia,13,22,11,20,53,2,0,0,0,0,15,22,11,20,53,NA,NA,125,8,17,124,NA,NA,111,7,14,136,NA,NA,194,7,16,325,NA,NA,341,7,15,469,NA,NA,571,8,12,707
HRV,Croatia,7,11,10,12,33,8,4,6,1,11,15,15,16,13,44,NA,NA,5650,2,4,4920,4,11,6054,4,8,9366,3,7,11363,5,7,15894,3,5,13506,6,13,13236,1,2,13467,10,23,12149
AZE,Azerbaijan,6,7,11,25,43,6,0,0,0,0,12,7,11,25,43,NA,NA,562,3,7,655,NA,NA,763,5,7,1045,NA,NA,2473,7,11,5575,NA,NA,5843,10,16,7496,NA,NA,7891,18,27,3879
EST,Estonia,12,9,9,16,34,10,4,2,1,7,22,13,11,17,41,NA,NA,4052,3,5,4070,3,6,5308,3,4,8850,3,9,12595,2,5,18095,1,2,14639,2,3,17422,NA,NA,19950,1,1,17737
SVN,Slovenia,7,5,8,10,23,8,2,5,10,17,15,7,13,20,40,NA,NA,11165,2,6,10228,1,1,11814,3,4,17261,NA,NA,19726,4,7,27502,3,5,23437,4,7,22532,8,14,24202,4,8,21650
SVK,Slovakia,6,9,12,7,28,7,3,4,1,8,13,12,16,8,36,NA,NA,5534,5,10,5403,NA,NA,6525,6,12,10655,1,2,13139,6,14,18650,3,6,16601,4,5,17275,1,3,18630,4,10,16530
THA,Thailand,16,9,8,16,33,4,0,0,0,0,20,9,8,16,33,NA,NA,1845,3,5,2008,NA,NA,2096,8,15,2660,NA,NA,3369,4,10,4379,NA,NA,5075,4,6,5860,NA,NA,5942,6,12,5911
GEO,Georgia,6,8,8,17,33,7,0,0,0,0,13,8,8,17,33,NA,NA,805,6,6,692,NA,NA,779,4,10,1207,NA,NA,1873,6,12,3175,NA,NA,2964,7,12,4143,NA,NA,4430,7,12,3866
EGY,Egypt,22,7,10,15,32,1,0,0,0,0,23,7,10,15,32,NA,NA,1259,NA,NA,1428,NA,NA,1210,5,8,1046,NA,NA,1375,1,1,2011,NA,NA,2602,4,7,3181,NA,NA,3328,3,3,3478
IDN,Indonesia,15,7,13,12,32,0,0,0,0,0,15,7,13,12,32,NA,NA,494,6,11,831,NA,NA,958,4,7,1223,NA,NA,1689,5,8,2300,NA,NA,3113,3,5,3688,NA,NA,3492,3,7,3570
UZB,Uzbekistan,6,8,6,17,31,7,1,0,0,1,13,9,6,17,32,NA,NA,623,4,7,558,NA,NA,383,5,10,465,NA,NA,654,6,10,1082,NA,NA,1377,3,5,1740,NA,NA,2050,13,23,2111
IRL,Ireland,21,9,10,12,31,7,0,0,0,0,28,9,10,12,31,NA,NA,24263,1,2,26242,NA,NA,32540,NA,NA,47631,NA,NA,54307,3,4,61258,NA,NA,48672,6,9,49177,NA,NA,55899,2,4,64175
IND,India,24,9,7,12,28,10,0,0,0,0,34,9,7,12,28,NA,NA,409,1,1,439,NA,NA,466,1,2,621,NA,NA,792,3,5,991,NA,NA,1346,6,8,1447,NA,NA,1573,2,3,1710
COL,Colombia,19,5,9,14,28,2,0,0,0,0,21,5,9,14,28,NA,NA,2509,1,3,2472,NA,NA,2356,2,2,2740,NA,NA,3709,2,3,5434,NA,NA,6251,8,13,7885,NA,NA,7913,8,16,5806
LVA,Latvia,11,3,11,5,19,11,0,4,4,8,22,3,15,9,27,NA,NA,2977,3,6,3353,NA,NA,4132,4,8,6351,1,1,9668,2,5,16349,2,4,11326,2,4,13823,4,6,15759,NA,NA,14071
MNG,Mongolia,13,2,10,14,26,14,0,0,0,0,27,2,10,14,26,NA,NA,477,NA,NA,474,NA,NA,572,1,1,798,NA,NA,1335,4,10,2140,NA,NA,2650,5,7,4368,NA,NA,4182,2,3,3694
LTU,Lithuania,9,6,7,12,25,9,0,0,0,0,18,6,7,12,25,NA,NA,3167,5,9,3297,NA,NA,4147,3,7,6707,NA,NA,9241,4,5,14962,NA,NA,11985,5,10,14341,NA,NA,16555,4,5,14901
NGA,Nigeria,16,3,10,12,25,1,0,0,0,0,17,3,10,12,25,NA,NA,275,3,6,379,NA,NA,459,2,2,649,NA,NA,1020,4,5,1384,NA,NA,2327,NA,NA,2755,NA,NA,3222,1,1,2176
PRT,Portugal,24,4,8,12,24,8,0,0,0,0,32,4,8,12,24,NA,NA,12203,2,2,11502,NA,NA,12882,3,5,18046,NA,NA,19821,2,5,24816,NA,NA,22539,1,2,20577,NA,NA,22078,1,1,19838
MAR,Morocco,14,6,5,12,23,7,0,0,0,0,21,6,5,12,23,NA,NA,1469,5,6,1332,NA,NA,1414,3,8,1949,NA,NA,2191,2,3,2885,NA,NA,2834,1,1,2905,NA,NA,3160,1,1,2893
TTO,Trinidad and Tobago,17,2,6,11,19,3,0,0,0,0,20,2,6,11,19,NA,NA,4787,2,3,6431,NA,NA,7050,1,1,10291,NA,NA,14096,2,4,21188,NA,NA,16684,4,7,19152,NA,NA,19325,1,1,16041
DZA,Algeria,13,5,4,8,17,3,0,0,0,0,16,5,4,8,17,NA,NA,1588,5,8,1757,NA,NA,1774,NA,NA,2599,NA,NA,3465,2,3,4905,NA,NA,4463,1,3,5565,NA,NA,5466,2,4,3917
VEN,Venezuela,18,2,3,10,15,4,0,0,0,0,22,2,3,10,15,NA,NA,3875,NA,NA,4784,NA,NA,3656,2,2,4271,NA,NA,6736,1,1,11227,NA,NA,13545,1,3,12755,NA,NA,15692,3,4,0
SRB,Serbia,4,3,6,6,15,3,0,0,0,0,7,3,6,6,15,NA,NA,2416,NA,NA,870,NA,NA,2150,NA,NA,3331,NA,NA,4130,3,4,6702,NA,NA,5412,4,7,5659,NA,NA,6200,8,16,5426
BHS,Bahamas,16,6,2,6,14,0,0,0,0,0,16,6,2,6,14,NA,NA,18457,2,6,21241,NA,NA,22506,2,4,21996,NA,NA,23719,2,3,23652,NA,NA,21922,1,3,28816,NA,NA,28374,2,4,28785
ARM,Armenia,6,2,6,6,14,7,0,0,0,0,13,2,6,6,14,NA,NA,609,1,1,623,NA,NA,783,NA,NA,1192,NA,NA,2158,6,6,4010,NA,NA,3218,2,3,3685,NA,NA,3995,4,9,3615
CHL,Chile,23,2,7,4,13,17,0,0,0,0,40,2,7,4,13,NA,NA,5479,1,1,5101,NA,NA,4464,2,4,6211,NA,NA,9485,1,2,10781,NA,NA,12860,NA,NA,15432,NA,NA,14817,NA,NA,13793
TUN,Tunisia,14,4,2,7,13,0,0,0,0,0,14,4,2,7,13,NA,NA,2295,NA,NA,2214,NA,NA,2346,NA,NA,3113,NA,NA,3372,1,3,4310,NA,NA,4140,3,7,4138,NA,NA,4270,3,3,3689
MYS,Malaysia,13,0,7,4,11,1,0,0,0,0,14,0,7,4,11,NA,NA,3264,NA,NA,4045,NA,NA,4167,NA,NA,4955,NA,NA,6223,1,2,8514,NA,NA,9071,2,3,10780,NA,NA,11184,5,9,9508
LIE,Liechtenstein,17,0,0,0,0,19,2,2,6,10,36,2,2,6,10,NA,NA,76641,NA,NA,74625,NA,NA,79036,NA,NA,99849,NA,NA,113983,NA,NA,142974,NA,NA,141165,NA,NA,149296,NA,NA,179308,NA,NA,0
PHL,Philippines,21,0,3,7,10,5,0,0,0,0,26,0,3,7,10,NA,NA,967,NA,NA,1039,NA,NA,1000,NA,NA,1079,NA,NA,1392,NA,NA,1919,NA,NA,2129,NA,NA,2582,NA,NA,2843,1,2,2951
URY,Uruguay,21,2,2,6,10,1,0,0,0,0,22,2,2,6,10,NA,NA,7711,1,2,6872,NA,NA,4089,NA,NA,4117,NA,NA,5878,NA,NA,9062,NA,NA,11938,NA,NA,15092,NA,NA,16738,NA,NA,15221
PAK,Pakistan,17,3,3,4,10,3,0,0,0,0,20,3,3,4,10,NA,NA,470,NA,NA,534,NA,NA,500,NA,NA,650,NA,NA,874,NA,NA,1039,NA,NA,1040,NA,NA,1261,NA,NA,1317,NA,NA,1444
PRI,Puerto Rico,18,1,2,6,9,7,0,0,0,0,25,1,2,6,9,NA,NA,14304,NA,NA,16192,NA,NA,18731,NA,NA,20989,NA,NA,22936,NA,NA,24898,NA,NA,26436,2,3,27945,NA,NA,28981,1,3,30790
ISR,Israel,16,1,1,7,9,7,0,0,0,0,23,1,1,7,9,NA,NA,19424,1,1,21043,NA,NA,18428,2,4,19892,NA,NA,21828,1,1,29532,NA,NA,30643,NA,NA,32526,NA,NA,37540,2,2,37181
ZWE,Zimbabwe,13,3,4,1,8,1,0,0,0,0,14,3,4,1,8,NA,NA,538,NA,NA,547,NA,NA,507,3,6,454,NA,NA,415,4,9,326,NA,NA,720,NA,NA,968,NA,NA,1031,NA,NA,1029
UGA,Uganda,15,2,3,2,7,0,0,0,0,0,15,2,3,2,7,NA,NA,292,NA,NA,258,NA,NA,240,NA,NA,288,NA,NA,336,NA,NA,450,NA,NA,595,1,3,637,NA,NA,703,NA,NA,580
DOM,Dominican Republic,14,3,2,2,7,0,0,0,0,0,14,3,2,2,7,NA,NA,2552,NA,NA,2802,NA,NA,3008,1,3,2421,NA,NA,3836,2,5,5011,NA,NA,5451,2,5,5969,NA,NA,6269,1,1,6722
CMR,Cameroon,14,3,1,2,6,1,0,0,0,0,15,3,1,2,6,NA,NA,731,1,3,660,NA,NA,720,1,3,1028,NA,NA,1081,1,3,1397,NA,NA,1309,1,1,1381,NA,NA,1571,NA,NA,1375
SGP,Singapore,16,1,2,2,5,1,0,0,0,0,17,1,2,2,5,NA,NA,21824,NA,NA,23793,NA,NA,22017,NA,NA,27405,NA,NA,33580,1,2,39721,NA,NA,46570,2,2,54431,NA,NA,56336,1,3,52962
MDA,Moldova,6,0,2,3,5,7,0,0,0,0,13,0,2,3,5,NA,NA,449,2,3,354,NA,NA,459,NA,NA,721,NA,NA,951,1,1,1696,NA,NA,1632,0,0,2047,NA,NA,2245,NA,NA,1900
QAT,Qatar,9,0,1,4,5,0,0,0,0,0,9,0,1,4,5,NA,NA,18632,1,1,29986,NA,NA,29991,NA,NA,41818,NA,NA,60257,NA,NA,82967,NA,NA,70306,2,2,88565,NA,NA,86853,1,2,59324
ISL,Iceland,20,0,2,2,4,18,0,0,0,0,38,0,2,2,4,NA,NA,30901,1,1,31813,NA,NA,31996,NA,NA,46917,NA,NA,56104,1,2,55575,NA,NA,41676,NA,NA,44334,NA,NA,52473,NA,NA,59765
LBN,Lebanon,17,0,2,2,4,17,0,0,0,0,34,0,2,2,4,NA,NA,5539,NA,NA,5335,NA,NA,5437,NA,NA,5424,NA,NA,5372,NA,NA,7109,NA,NA,8858,NA,NA,8923,NA,NA,8537,NA,NA,8257
LUX,Luxembourg,23,1,1,0,2,9,0,2,0,2,32,1,3,0,4,NA,NA,47584,NA,NA,48736,NA,NA,52931,NA,NA,75716,NA,NA,89740,NA,NA,114294,NA,NA,104965,NA,NA,106749,NA,NA,119225,NA,NA,100739
CRI,Costa Rica,15,1,1,2,4,6,0,0,0,0,21,1,1,2,4,NA,NA,3615,2,2,3808,NA,NA,4062,NA,NA,4426,NA,NA,5245,NA,NA,6911,NA,NA,8199,NA,NA,9985,NA,NA,10647,NA,NA,11825
PER,Peru,18,1,3,0,4,2,0,0,0,0,20,1,3,0,4,NA,NA,2202,NA,NA,1997,NA,NA,2059,NA,NA,2448,NA,NA,3171,NA,NA,4209,NA,NA,5022,NA,NA,6388,NA,NA,6491,NA,NA,6049
GHA,Ghana,14,0,1,3,4,2,0,0,0,0,16,0,1,3,4,NA,NA,415,NA,NA,263,NA,NA,309,NA,NA,423,NA,NA,923,NA,NA,1224,NA,NA,1313,NA,NA,1630,NA,NA,1432,NA,NA,1513
VNM,Vietnam,15,1,3,0,4,0,0,0,0,0,15,1,3,0,4,NA,NA,347,1,2,388,NA,NA,428,NA,NA,544,NA,NA,780,1,2,1143,NA,NA,1310,NA,NA,1723,NA,NA,2012,2,5,2171
KGZ,Kyrgyzstan,6,0,1,3,4,7,0,0,0,0,13,0,1,3,4,NA,NA,345,1,1,280,NA,NA,322,NA,NA,433,NA,NA,543,2,3,966,NA,NA,880,NA,NA,1178,NA,NA,1280,NA,NA,1078
TJK,Tajikistan,6,1,1,2,4,4,0,0,0,0,10,1,1,2,4,NA,NA,219,NA,NA,138,NA,NA,189,NA,NA,309,NA,NA,404,NA,NA,706,NA,NA,738,1,1,955,NA,NA,1104,1,3,796
NAM,Namibia,7,0,4,0,4,0,0,0,0,0,7,0,4,0,4,NA,NA,2113,NA,NA,2058,NA,NA,1713,NA,NA,3288,NA,NA,3881,NA,NA,4029,NA,NA,5192,NA,NA,5749,NA,NA,5393,NA,NA,4415
HKG,Hong Kong,16,1,1,1,3,5,0,0,0,0,21,1,1,1,3,NA,NA,25809,NA,NA,25757,NA,NA,24666,1,2,24928,NA,NA,28224,NA,NA,31516,NA,NA,32550,1,1,36731,NA,NA,40315,NA,NA,43741
PAN,Panama,17,1,0,2,3,0,0,0,0,0,17,1,0,2,3,NA,NA,3975,NA,NA,4060,NA,NA,4126,NA,NA,4592,NA,NA,5349,1,3,6974,NA,NA,7937,NA,NA,10590,NA,NA,12594,NA,NA,13680
CIV,Ivory Coast,13,1,1,1,3,0,0,0,0,0,13,1,1,1,3,NA,NA,794,NA,NA,642,NA,NA,711,NA,NA,920,NA,NA,952,NA,NA,1242,NA,NA,1220,NA,NA,1262,NA,NA,1570,2,4,1535
SYR,Syria,13,1,1,1,3,0,0,0,0,0,13,1,1,1,3,NA,NA,974,NA,NA,1178,NA,NA,1263,1,1,1409,NA,NA,1762,NA,NA,0,NA,NA,0,NA,NA,0,NA,NA,0,NA,NA,0
SAU,Saudi Arabia,11,0,1,2,3,0,0,0,0,0,11,0,1,2,3,NA,NA,7382,2,3,9127,NA,NA,8655,NA,NA,11139,NA,NA,15335,NA,NA,20038,NA,NA,19260,1,1,25303,NA,NA,24575,NA,NA,20029
BHR,Bahrain,9,2,1,0,3,0,0,0,0,0,9,2,1,0,3,NA,NA,10076,NA,NA,13636,NA,NA,13102,NA,NA,15846,NA,NA,19308,NA,NA,23068,NA,NA,20722,1,3,23649,NA,NA,24983,2,5,22579
LKA,Sri Lanka,17,0,2,0,2,0,0,0,0,0,17,0,2,0,2,NA,NA,851,1,2,869,NA,NA,868,NA,NA,1067,NA,NA,1438,NA,NA,2041,NA,NA,2808,NA,NA,3351,NA,NA,3848,NA,NA,3910
ECU,Ecuador,14,1,1,0,2,1,0,0,0,0,15,1,1,0,2,NA,NA,2300,NA,NA,1451,NA,NA,2184,NA,NA,2709,NA,NA,3351,1,2,4275,NA,NA,4657,NA,NA,5702,NA,NA,6397,NA,NA,6019
HTI,Haiti,15,0,1,1,2,0,0,0,0,0,15,0,1,1,2,NA,NA,451,NA,NA,462,NA,NA,393,NA,NA,388,NA,NA,505,NA,NA,675,NA,NA,662,NA,NA,767,NA,NA,830,NA,NA,740
AFG,Afghanistan,14,0,0,2,2,0,0,0,0,0,14,0,0,2,2,NA,NA,0,NA,NA,0,NA,NA,188,NA,NA,219,NA,NA,273,1,1,373,NA,NA,553,1,1,669,NA,NA,629,NA,NA,562
TZA,Tanzania,13,0,2,0,2,0,0,0,0,0,13,0,2,0,2,NA,NA,296,NA,NA,307,NA,NA,308,NA,NA,345,NA,NA,472,NA,NA,651,NA,NA,702,NA,NA,820,NA,NA,950,NA,NA,878
ZMB,Zambia,13,0,1,1,2,0,0,0,0,0,13,0,1,1,2,NA,NA,356,NA,NA,342,NA,NA,377,NA,NA,530,NA,NA,1030,NA,NA,1369,NA,NA,1463,NA,NA,1735,NA,NA,1738,NA,NA,1270
KWT,Kuwait,12,0,0,2,2,0,0,0,0,0,12,0,0,2,2,NA,NA,14127,1,1,18389,NA,NA,17789,NA,NA,26921,NA,NA,42718,NA,NA,55572,NA,NA,38498,1,1,51264,NA,NA,42996,NA,NA,27359
SUR,Suriname,12,1,0,1,2,0,0,0,0,0,12,1,0,1,2,NA,NA,2047,NA,NA,1889,NA,NA,2233,NA,NA,3006,NA,NA,5208,NA,NA,6858,NA,NA,8303,NA,NA,9272,NA,NA,9564,NA,NA,5871
MOZ,Mozambique,10,1,0,1,2,0,0,0,0,0,10,1,0,1,2,NA,NA,284,1,3,278,NA,NA,263,NA,NA,336,NA,NA,386,NA,NA,503,NA,NA,419,NA,NA,566,NA,NA,623,NA,NA,382
GRD,Grenada,9,1,1,0,2,0,0,0,0,0,9,1,1,0,2,NA,NA,4401,NA,NA,5118,NA,NA,5292,NA,NA,5836,NA,NA,6766,NA,NA,7947,NA,NA,7366,1,3,7583,NA,NA,8570,1,2,9842
ARE,United Arab Emirates,9,1,0,1,2,0,0,0,0,0,9,1,0,1,2,NA,NA,26663,NA,NA,33071,NA,NA,31311,1,3,36161,NA,NA,42372,NA,NA,45759,NA,NA,35049,NA,NA,42112,NA,NA,44450,1,1,37622
BDI,Burundi,6,1,1,0,2,0,0,0,0,0,6,1,1,0,2,NA,NA,144,NA,NA,136,NA,NA,122,NA,NA,127,NA,NA,166,NA,NA,196,NA,NA,231,NA,NA,265,NA,NA,313,1,2,286
BMU,Bermuda,18,0,0,1,1,8,0,0,0,0,26,0,0,1,1,NA,NA,51372,NA,NA,56284,NA,NA,62583,NA,NA,70359,NA,NA,83913,NA,NA,93606,NA,NA,88207,NA,NA,85458,NA,NA,0,NA,NA,0
CYP,Cyprus,10,0,1,0,1,11,0,0,0,0,21,0,1,0,1,NA,NA,15247,NA,NA,14673,NA,NA,16372,NA,NA,23932,NA,NA,27170,NA,NA,35391,NA,NA,30818,1,2,28985,NA,NA,27401,NA,NA,23541
SEN,Senegal,14,0,1,0,1,5,0,0,0,0,19,0,1,0,1,NA,NA,534,NA,NA,473,NA,NA,513,NA,NA,733,NA,NA,810,NA,NA,1101,NA,NA,1003,NA,NA,1038,NA,NA,1052,NA,NA,953
VIR,Virgin Islands,12,0,1,0,1,7,0,0,0,0,19,0,1,0,1,NA,NA,0,NA,NA,0,NA,NA,30126,NA,NA,35024,NA,NA,41561,NA,NA,39207,NA,NA,40043,NA,NA,37850,NA,NA,33592,NA,NA,0
FJI,Fiji,14,1,0,0,1,3,0,0,0,0,17,1,0,0,1,NA,NA,2070,NA,NA,2076,NA,NA,2259,NA,NA,3333,NA,NA,3750,NA,NA,4178,NA,NA,3652,NA,NA,4547,NA,NA,5046,1,3,5233
GUY,Guyana,17,0,0,1,1,0,0,0,0,0,17,0,0,1,1,NA,NA,947,NA,NA,946,NA,NA,961,NA,NA,1046,NA,NA,1946,NA,NA,2576,NA,NA,3045,NA,NA,3800,NA,NA,4032,NA,NA,4529
GTM,Guatemala,14,0,1,0,1,1,0,0,0,0,15,0,1,0,1,NA,NA,1742,NA,NA,1656,NA,NA,1702,NA,NA,1873,NA,NA,2257,NA,NA,2794,NA,NA,2826,1,2,3300,NA,NA,3688,NA,NA,4147
IRQ,Iraq,14,0,0,1,1,0,0,0,0,0,14,0,0,1,1,NA,NA,0,NA,NA,0,NA,NA,0,NA,NA,1392,NA,NA,2352,NA,NA,4521,NA,NA,4503,NA,NA,6651,NA,NA,6703,NA,NA,4610
PRY,Paraguay,12,0,1,0,1,1,0,0,0,0,13,0,1,0,1,NA,NA,1773,NA,NA,1546,NA,NA,1148,1,2,1409,NA,NA,1810,NA,NA,3060,NA,NA,3226,NA,NA,3856,NA,NA,4713,NA,NA,4078
BRB,Barbados,12,0,0,1,1,0,0,0,0,0,12,0,0,1,1,NA,NA,10728,1,1,11568,NA,NA,11675,NA,NA,12869,NA,NA,15440,NA,NA,16614,NA,NA,15959,NA,NA,16536,NA,NA,16262,NA,NA,15892
MKD,Macedonia,6,0,0,1,1,6,0,0,0,0,12,0,0,1,1,NA,NA,1775,1,1,1854,NA,NA,1961,NA,NA,2763,NA,NA,3326,NA,NA,4793,NA,NA,4543,NA,NA,4699,NA,NA,5469,NA,NA,5237
SDN,Sudan,12,0,1,0,1,0,0,0,0,0,12,0,1,0,1,NA,NA,350,NA,NA,361,NA,NA,412,NA,NA,565,NA,NA,894,1,2,1292,NA,NA,1476,NA,NA,1893,NA,NA,2177,NA,NA,2415
TGO,Togo,10,0,0,1,1,2,0,0,0,0,12,0,0,1,1,NA,NA,339,NA,NA,260,NA,NA,281,NA,NA,350,NA,NA,377,1,1,513,NA,NA,488,NA,NA,564,NA,NA,620,NA,NA,578
TON,Tonga,9,0,1,0,1,2,0,0,0,0,11,0,1,0,1,NA,NA,1943,NA,NA,2063,NA,NA,1842,NA,NA,2284,NA,NA,2893,NA,NA,3393,NA,NA,3548,NA,NA,4501,NA,NA,4196,NA,NA,3749
BWA,Botswana,10,0,1,0,1,0,0,0,0,0,10,0,1,0,1,NA,NA,2869,NA,NA,3349,NA,NA,3056,NA,NA,4897,NA,NA,5375,NA,NA,5623,NA,NA,6346,1,2,7029,NA,NA,7498,NA,NA,6924
GAB,Gabon,10,0,1,0,1,0,0,0,0,0,10,0,1,0,1,NA,NA,3828,NA,NA,4116,NA,NA,4103,NA,NA,5686,NA,NA,7142,NA,NA,10094,NA,NA,8754,1,2,9774,NA,NA,9692,NA,NA,7179
JOR,Jordan,10,1,0,0,1,0,0,0,0,0,10,1,0,0,1,NA,NA,1606,NA,NA,1658,NA,NA,1812,NA,NA,2061,NA,NA,2537,NA,NA,3386,NA,NA,3679,NA,NA,3871,NA,NA,4067,1,3,4088
MUS,Mauritius,9,0,0,1,1,0,0,0,0,0,9,0,0,1,1,NA,NA,3593,NA,NA,3861,NA,NA,3958,NA,NA,5230,NA,NA,5696,1,1,8030,NA,NA,8000,NA,NA,9291,NA,NA,10154,NA,NA,9631
WSM,Samoa,9,0,1,0,1,0,0,0,0,0,9,0,1,0,1,NA,NA,1558,NA,NA,1541,NA,NA,1631,NA,NA,2351,NA,NA,2808,NA,NA,3510,NA,NA,3453,NA,NA,4235,NA,NA,4179,NA,NA,4030
DJI,Djibouti,8,0,0,1,1,0,0,0,0,0,8,0,0,1,1,NA,NA,756,NA,NA,768,NA,NA,792,NA,NA,864,NA,NA,966,NA,NA,1214,NA,NA,1326,NA,NA,1536,NA,NA,1741,NA,NA,0
ERI,Eritrea,5,0,0,1,1,1,0,0,0,0,6,0,0,1,1,NA,NA,231,NA,NA,208,NA,NA,202,1,1,287,NA,NA,298,NA,NA,326,NA,NA,482,NA,NA,0,NA,NA,0,NA,NA,0
MNE,Montenegro,3,0,1,0,1,3,0,0,0,0,6,0,1,0,1,NA,NA,0,NA,NA,1627,NA,NA,2106,NA,NA,3380,NA,NA,4384,NA,NA,7368,NA,NA,6682,1,2,6587,NA,NA,7378,NA,NA,7029
KOS,Kosovo,1,1,0,0,1,1,0,0,0,0,2,1,0,0,1,NA,NA,0,NA,NA,1088,NA,NA,1588,NA,NA,2135,NA,NA,2372,NA,NA,3255,NA,NA,3283,NA,NA,3586,NA,NA,4055,1,3,3661
